,year,date,statefips,countyfips,pm_max_pred,pm_med_pred,pm_mean_pred,pm_pop_pred
0,2001,2001-01-01,1,1001,10.664367,10.2645455,10.13763075,10.188703412
1,2001,2001-01-01,1,1003,9.803209,8.739505,8.7437483871,8.8114860253
2,2001,2001-01-01,1,1005,12.087599,11.809159,11.812775333,11.802061597
3,2001,2001-01-01,1,1007,8.579425,8.4353945,8.4581185,8.4488706383
4,2001,2001-01-01,1,1009,14.399446,13.577741,13.300527556,13.231460616
5,2001,2001-01-01,1,1011,11.853907,11.824247,11.728349667,11.774401138
6,2001,2001-01-01,1,1013,9.86436,9.464236,9.3384878889,9.3962986285
7,2001,2001-01-01,1,1015,11.709136,11.213704,11.052941903,11.008113046
8,2001,2001-01-01,1,1017,11.313949,11.085331,11.004895667,10.989000237
9,2001,2001-01-01,1,1019,10.446544,8.6865115,8.819224,8.9223921752
10,2001,2001-01-01,1,1021,10.560277,9.734248,9.7785063333,9.7651225631
11,2001,2001-01-01,1,1023,6.876937,6.699445,6.72966775,6.7183385824
12,2001,2001-01-01,1,1025,7.506796,7.242396,7.1583095556,7.194779894
13,2001,2001-01-01,1,1027,11.110695,10.568721,10.65612025,10.593271334
14,2001,2001-01-01,1,1029,10.229745,9.3511865,9.35208875,9.38964202
15,2001,2001-01-01,1,1031,12.487864,11.9954655,11.875938714,11.973379576
16,2001,2001-01-01,1,1033,12.022105,11.6625895,11.669806071,11.667051799
17,2001,2001-01-01,1,1035,8.937945,8.484195,8.5812246,8.6588671067
18,2001,2001-01-01,1,1037,11.25492,11.042734,11.088627667,11.090123434
19,2001,2001-01-01,1,1039,10.999634,10.155433,10.236991571,10.15630914
20,2001,2001-01-01,1,1041,10.749176,10.328454,10.428559,10.445161028
21,2001,2001-01-01,1,1043,14.431055,13.6804345,13.5002665,13.607143229
22,2001,2001-01-01,1,1045,12.846187,12.2785265,12.348320071,12.393795463
23,2001,2001-01-01,1,1047,9.265731,8.799564,8.7421970667,8.7933594698
24,2001,2001-01-01,1,1049,13.102378,11.464963,11.494907214,11.677395877
25,2001,2001-01-01,1,1051,12.050661,11.151669,11.157902,11.146740252
26,2001,2001-01-01,1,1053,8.803782,8.591407,8.5335498889,8.5047475237
27,2001,2001-01-01,1,1055,13.521049,12.369136,12.351154367,12.33956197
28,2001,2001-01-01,1,1057,9.994125,9.301857,9.5007052,9.4379011616
29,2001,2001-01-01,1,1059,12.077861,11.683874,11.768502889,11.732457265
30,2001,2001-01-01,1,1061,13.757903,12.8237745,12.839985,12.825469541
31,2001,2001-01-01,1,1063,7.387665,7.32037,7.316397,7.3284748376
32,2001,2001-01-01,1,1065,7.802741,7.6003355,7.5865015,7.5958339087
33,2001,2001-01-01,1,1067,12.455249,11.9404735,11.929405167,12.028740382
34,2001,2001-01-01,1,1069,13.878826,13.3865265,13.363743455,13.386883439
35,2001,2001-01-01,1,1071,12.788111,12.26899,12.334909273,12.311416233
36,2001,2001-01-01,1,1073,13.280897,12.263212,11.93558592,11.879873021
37,2001,2001-01-01,1,1075,10.714121,9.626556,9.7352423333,9.7590885675
38,2001,2001-01-01,1,1077,11.844377,11.2877925,11.224116864,11.148449884
39,2001,2001-01-01,1,1079,12.780763,12.157462,12.208246333,12.259102712
40,2001,2001-01-01,1,1081,13.141184,11.653104,11.833509704,11.871388671
41,2001,2001-01-01,1,1083,13.5522,12.562343,12.572720125,12.680931092
42,2001,2001-01-01,1,1085,10.307463,9.694172,9.75217875,9.8277155161
43,2001,2001-01-01,1,1087,12.274537,12.002082,11.978688417,11.969735701
44,2001,2001-01-01,1,1089,13.669314,13.30766,13.278966274,13.273650906
45,2001,2001-01-01,1,1091,7.65043,7.2572465,7.2243711667,7.2219245521
46,2001,2001-01-01,1,1093,11.785243,11.287055,11.173144875,11.126128698
47,2001,2001-01-01,1,1095,13.856167,13.4633075,13.387895167,13.413022675
48,2001,2001-01-01,1,1097,9.908053,9.516954,9.3973140263,9.2763791348
49,2001,2001-01-01,1,1099,8.439556,8.178473,8.1402627143,8.1230642757
50,2001,2001-01-01,1,1101,12.516682,11.825473,11.814210092,11.859197531
51,2001,2001-01-01,1,1103,13.894924,13.570076,13.537826111,13.527296356
52,2001,2001-01-01,1,1105,8.433904,8.039003,8.1444486667,8.0371184194
53,2001,2001-01-01,1,1107,8.17676,7.977539,7.9163446,7.891699577
54,2001,2001-01-01,1,1109,11.705432,11.1337535,11.1588465,11.203468735
55,2001,2001-01-01,1,1111,10.635753,10.323923,10.2909045,10.311880621
56,2001,2001-01-01,1,1113,13.612415,13.257547,13.042050923,13.068043409
57,2001,2001-01-01,1,1115,12.718975,11.939626,12.024084154,12.004873897
58,2001,2001-01-01,1,1117,12.951042,11.138685,11.161641521,11.202732188
59,2001,2001-01-01,1,1119,7.110885,6.710013,6.75398625,6.7633635424
60,2001,2001-01-01,1,1121,11.849827,11.4769375,11.426293591,11.445690678
61,2001,2001-01-01,1,1123,11.502013,11.122666,11.1352444,11.174837112
62,2001,2001-01-01,1,1125,8.31955,8.144644,8.1233315532,8.1346101218
63,2001,2001-01-01,1,1127,11.316358,10.424437,10.358886389,10.401747051
64,2001,2001-01-01,1,1129,7.536076,7.13511,7.2309988,7.2181066454
65,2001,2001-01-01,1,1131,8.414635,8.0116215,7.976984,7.949600309
66,2001,2001-01-01,1,1133,11.657831,11.292338,11.286638857,11.267713046
67,2001,2001-01-01,4,4001,12.817276,11.982823,12.020778875,11.976522839
68,2001,2001-01-01,4,4003,19.478614,16.8305415,17.240176563,17.2256899
69,2001,2001-01-01,4,4005,15.130853,13.6588345,13.247982643,13.2641814
70,2001,2001-01-01,4,4007,16.897772,14.275431,14.412102438,14.427569604
71,2001,2001-01-01,4,4009,15.657136,14.861042,14.778632222,14.754186006
72,2001,2001-01-01,4,4011,15.588406,14.416186,14.128414667,14.079473215
73,2001,2001-01-01,4,4012,18.737145,17.899897,17.589356222,17.50202086
74,2001,2001-01-01,4,4013,38.505755,31.123364,30.317311607,30.367978021
75,2001,2001-01-01,4,4015,15.948633,14.095855,14.102073605,14.058243383
76,2001,2001-01-01,4,4017,13.965133,12.734427,12.665502516,12.687868254
77,2001,2001-01-01,4,4019,18.899127,16.052877,16.055737614,16.050580114
78,2001,2001-01-01,4,4021,26.956567,18.621372,19.248145533,19.090436434
79,2001,2001-01-01,4,4023,16.208329,15.4182825,15.4748937,15.453027813
80,2001,2001-01-01,4,4025,21.598713,17.5754855,17.358758833,17.253061138
81,2001,2001-01-01,4,4027,22.535962,21.424235,21.349768164,21.504089689
82,2001,2001-01-01,5,5001,11.787958,10.7673985,10.731703625,10.883830628
83,2001,2001-01-01,5,5003,11.625357,11.34164,11.178899429,11.256031236
84,2001,2001-01-01,5,5005,13.599264,13.194216,13.196985556,13.207754562
85,2001,2001-01-01,5,5007,18.724346,17.70425,17.541697469,17.592501192
86,2001,2001-01-01,5,5009,14.664594,14.45308,14.452202429,14.461585792
87,2001,2001-01-01,5,5011,11.879095,11.593063,11.590424,11.567704615
88,2001,2001-01-01,5,5013,11.315666,11.1997245,11.1997245,11.204692187
89,2001,2001-01-01,5,5015,15.348574,15.195894,15.1708186,15.146164829
90,2001,2001-01-01,5,5017,9.760003,9.608883,9.62255775,9.6172118285
91,2001,2001-01-01,5,5019,12.943581,12.761375,12.7224528,12.704313674
92,2001,2001-01-01,5,5021,11.061071,10.9094245,10.9021925,10.900956891
93,2001,2001-01-01,5,5023,14.843514,14.207357,14.296249286,14.288388189
94,2001,2001-01-01,5,5025,11.965961,11.9459315,11.9459315,11.948469477
95,2001,2001-01-01,5,5027,11.410867,11.322796,11.2624366,11.272573831
96,2001,2001-01-01,5,5029,15.398805,15.054197,14.783160167,14.65762775
97,2001,2001-01-01,5,5031,12.662006,12.417273,12.296684412,12.315438805
98,2001,2001-01-01,5,5033,16.542661,16.268338,16.249748455,16.246360898
99,2001,2001-01-01,5,5035,11.557431,11.296017,11.26874975,11.268316172
100,2001,2001-01-01,5,5037,12.63059,11.944932,12.008682833,11.995389202
101,2001,2001-01-01,5,5039,11.922617,11.51495,11.609784333,11.52271628
102,2001,2001-01-01,5,5041,10.240294,9.705736,9.5748912,9.6266284054
103,2001,2001-01-01,5,5043,11.32787,10.975733,10.952025,11.023466585
104,2001,2001-01-01,5,5045,14.729833,14.376011,14.3712244,14.385610001
105,2001,2001-01-01,5,5047,15.766002,15.181998,15.356480333,15.394322498
106,2001,2001-01-01,5,5049,12.548874,12.3225545,12.3225545,12.328635277
107,2001,2001-01-01,5,5051,13.762026,13.5301175,13.5763549,13.595829561
108,2001,2001-01-01,5,5053,13.442511,13.021622,13.018783,13.001981458
109,2001,2001-01-01,5,5055,11.752558,11.370883,11.371787778,11.408392358
110,2001,2001-01-01,5,5057,14.261545,13.531427,13.6327464,13.566259987
111,2001,2001-01-01,5,5059,13.889129,13.627648,13.607571286,13.616643088
112,2001,2001-01-01,5,5061,15.06941,14.574345,14.645828,14.626328185
113,2001,2001-01-01,5,5063,13.811997,13.2583255,13.323406875,13.341963501
114,2001,2001-01-01,5,5065,13.014781,12.827411,12.77818275,12.762378622
115,2001,2001-01-01,5,5067,13.855916,13.752671,13.625454,13.632290099
116,2001,2001-01-01,5,5069,13.120797,12.5498345,12.500208792,12.519796811
117,2001,2001-01-01,5,5071,14.81758,14.129273,14.162049833,14.179686696
118,2001,2001-01-01,5,5073,12.523728,12.257765,12.257765,12.320768138
119,2001,2001-01-01,5,5075,12.376677,12.0774735,12.0658205,12.007201053
120,2001,2001-01-01,5,5077,11.275274,10.87573,10.8715815,10.796112291
121,2001,2001-01-01,5,5079,12.139818,11.679342,11.54608175,11.42021279
122,2001,2001-01-01,5,5081,15.264099,14.6016575,14.580986,14.70000097
123,2001,2001-01-01,5,5083,16.266933,15.7708925,15.719258,15.692306271
124,2001,2001-01-01,5,5085,14.140045,13.9268265,13.6327645,13.755465828
125,2001,2001-01-01,5,5087,15.860109,15.54846,15.39016775,15.449092657
126,2001,2001-01-01,5,5089,14.869022,13.92899,14.036334,14.010242424
127,2001,2001-01-01,5,5091,15.977157,15.7348325,15.476437417,15.142383323
128,2001,2001-01-01,5,5093,11.364754,11.244659,11.18960575,11.232433321
129,2001,2001-01-01,5,5095,12.011372,11.290209,11.389200667,11.509683604
130,2001,2001-01-01,5,5097,14.851504,14.418215,14.467442667,14.401817051
131,2001,2001-01-01,5,5099,12.838152,12.127202,12.296820333,12.484700074
132,2001,2001-01-01,5,5101,14.134434,13.836847,13.836847,13.830559448
133,2001,2001-01-01,5,5103,11.730796,11.654307,11.5532085,11.559279767
134,2001,2001-01-01,5,5105,15.465424,15.2288,15.216882667,15.301260259
135,2001,2001-01-01,5,5107,10.314389,10.052158,10.018207,10.086503166
136,2001,2001-01-01,5,5109,13.843135,13.582975,13.646354333,13.665097303
137,2001,2001-01-01,5,5111,12.866125,11.666404,11.787128571,11.765867823
138,2001,2001-01-01,5,5113,14.486065,13.963807,13.850894,13.988385095
139,2001,2001-01-01,5,5115,16.892914,16.395903,15.824519818,16.025490684
140,2001,2001-01-01,5,5117,13.020785,12.439382,12.408678,12.514914636
141,2001,2001-01-01,5,5119,15.258887,14.677092,14.612213284,14.586938087
142,2001,2001-01-01,5,5121,11.561176,11.3892185,11.39703775,11.385316817
143,2001,2001-01-01,5,5123,11.76947,11.3406615,11.351610167,11.320615433
144,2001,2001-01-01,5,5125,15.088439,14.637507,14.611818524,14.627359153
145,2001,2001-01-01,5,5127,16.499971,16.430836,16.270798667,16.358401734
146,2001,2001-01-01,5,5129,14.523992,14.168358,14.283704333,14.323637639
147,2001,2001-01-01,5,5131,16.857211,16.327272,16.390171538,16.410981419
148,2001,2001-01-01,5,5133,14.977813,13.976915,14.13839575,13.984057649
149,2001,2001-01-01,5,5135,12.460333,12.152479,12.1011735,12.198183768
150,2001,2001-01-01,5,5137,13.926034,13.635221,13.614247333,13.681855436
151,2001,2001-01-01,5,5139,11.377754,11.2612785,11.2196228,11.214249004
152,2001,2001-01-01,5,5141,14.368078,14.19873,14.1000888,14.085555416
153,2001,2001-01-01,5,5143,19.463857,18.96889,18.769871688,18.816682087
154,2001,2001-01-01,5,5145,15.331692,14.602887,14.670598231,14.680718546
155,2001,2001-01-01,5,5147,13.184714,12.8836135,12.8836135,12.812610187
156,2001,2001-01-01,5,5149,16.480222,15.390275,15.568928333,15.551396703
157,2001,2001-01-01,6,6001,56.708484,52.4345575,52.751494058,52.942986129
158,2001,2001-01-01,6,6003,12.663324,12.663324,12.663324,12.663324
159,2001,2001-01-01,6,6005,25.662103,21.031934,21.176171222,21.894553075
160,2001,2001-01-01,6,6007,26.702092,25.527019,25.356636059,25.364372851
161,2001,2001-01-01,6,6009,24.662062,18.4898235,19.3732692,20.626233469
162,2001,2001-01-01,6,6011,29.197149,26.179079,26.0779422,26.395907159
163,2001,2001-01-01,6,6013,54.195809,49.9026005,49.998926923,49.977653347
164,2001,2001-01-01,6,6015,27.675196,24.974652,25.388334,25.222058321
165,2001,2001-01-01,6,6017,27.796462,20.005423,19.849638767,20.986401331
166,2001,2001-01-01,6,6019,26.832014,20.847368,20.851504126,20.850030215
167,2001,2001-01-01,6,6021,25.595974,24.8077045,24.513697333,24.595245373
168,2001,2001-01-01,6,6023,25.584709,21.965688,22.2458029,22.162788472
169,2001,2001-01-01,6,6025,28.167564,27.049908,25.682457097,26.138669262
170,2001,2001-01-01,6,6027,14.571374,13.6263215,12.402644,12.380169176
171,2001,2001-01-01,6,6029,18.669984,12.857061,12.400414503,12.45075188
172,2001,2001-01-01,6,6031,22.161522,19.833746,20.023829963,20.131646388
173,2001,2001-01-01,6,6033,26.117746,21.239128,20.672108467,20.805634897
174,2001,2001-01-01,6,6035,27.840594,25.923123,25.703359111,25.442699416
175,2001,2001-01-01,6,6037,54.154478,46.625616,43.710733274,43.676808331
176,2001,2001-01-01,6,6039,24.996975,23.043639,22.455469087,22.660983548
177,2001,2001-01-01,6,6041,48.848221,45.717412,45.276720418,45.379842345
178,2001,2001-01-01,6,6043,22.326305,20.141475,20.178975167,20.387172248
179,2001,2001-01-01,6,6045,20.481642,18.5659755,18.7048025,18.660087645
180,2001,2001-01-01,6,6047,32.864497,27.596998,27.994062,28.20800522
181,2001,2001-01-01,6,6049,29.555573,26.662277,26.02273375,26.527363277
182,2001,2001-01-01,6,6051,18.859749,16.106695,16.653891333,17.507625881
183,2001,2001-01-01,6,6053,32.257769,25.479332,25.659132548,25.52076508
184,2001,2001-01-01,6,6055,48.428265,42.227404,40.903696175,41.235618457
185,2001,2001-01-01,6,6057,21.402212,17.4568735,18.0470337,17.970202288
186,2001,2001-01-01,6,6059,51.679927,46.1294225,45.720871756,45.694905577
187,2001,2001-01-01,6,6061,32.310527,29.148883,26.768943694,27.78703952
188,2001,2001-01-01,6,6063,29.767643,28.391851,27.597342714,27.701403925
189,2001,2001-01-01,6,6065,38.647235,28.189117,26.553613945,27.395895282
190,2001,2001-01-01,6,6067,46.058381,35.082594,34.642008669,34.68314546
191,2001,2001-01-01,6,6069,30.65238,29.015428,28.822867,29.034636686
192,2001,2001-01-01,6,6071,40.861908,25.574186,25.650461252,25.671574926
193,2001,2001-01-01,6,6073,41.43817,39.98425,39.71545107,39.656715023
194,2001,2001-01-01,6,6075,50.896017,49.9298285,49.730071709,49.748267907
195,2001,2001-01-01,6,6077,48.051365,39.329651,39.540268072,39.856074146
196,2001,2001-01-01,6,6079,26.069782,23.428349,23.003498698,22.721147896
197,2001,2001-01-01,6,6081,51.56989,48.782667,48.818755595,48.798159834
198,2001,2001-01-01,6,6083,22.058142,17.190468,17.178270989,17.108340063
199,2001,2001-01-01,6,6085,56.347699,53.0578055,52.279354844,52.280825374
200,2001,2001-01-01,6,6087,45.765731,37.7298205,38.065516692,37.876000358
201,2001,2001-01-01,6,6089,29.534393,28.0049745,28.032261542,28.004282947
202,2001,2001-01-01,6,6091,21.589941,21.589941,21.589941,21.589941
203,2001,2001-01-01,6,6093,32.448875,31.104079,31.159450143,31.145145022
204,2001,2001-01-01,6,6095,51.149063,45.392011,46.341022052,46.059728997
205,2001,2001-01-01,6,6097,43.182014,31.631907,32.372779949,32.44990484
206,2001,2001-01-01,6,6099,41.384179,34.0933,33.726030691,33.698041554
207,2001,2001-01-01,6,6101,31.635705,28.676193,28.755904476,28.636050557
208,2001,2001-01-01,6,6103,27.040964,26.065835,26.083289182,26.100269068
209,2001,2001-01-01,6,6105,27.763525,25.413645,25.3070178,26.025872759
210,2001,2001-01-01,6,6107,18.141939,16.4228935,15.882478654,15.882836152
211,2001,2001-01-01,6,6109,22.394217,18.962672,18.814056545,18.556999033
212,2001,2001-01-01,6,6111,26.778679,21.087019,20.920480468,20.943164169
213,2001,2001-01-01,6,6113,39.498652,36.7495,36.664948415,36.60883221
214,2001,2001-01-01,6,6115,29.220882,27.3843985,26.669498,26.925086243
215,2001,2001-01-01,8,8001,25.048741,23.352685,23.520255515,23.565550314
216,2001,2001-01-01,8,8003,11.547254,11.467562,11.37034125,11.334598818
217,2001,2001-01-01,8,8005,23.304068,21.841637,21.91418351,21.949060778
218,2001,2001-01-01,8,8007,11.095853,10.86454,10.859,10.754748933
219,2001,2001-01-01,8,8009,14.199402,14.0171845,14.0171845,14.032192911
220,2001,2001-01-01,8,8011,15.06172,15.06172,15.06172,15.06172
221,2001,2001-01-01,8,8013,23.599033,22.589446,22.454202868,22.477973422
222,2001,2001-01-01,8,8014,23.607222,23.105853,23.144581722,23.190994526
223,2001,2001-01-01,8,8015,13.421589,13.00961,13.0831168,13.112319674
224,2001,2001-01-01,8,8017,15.550075,15.550075,15.550075,15.550075
225,2001,2001-01-01,8,8019,18.736335,17.918217,17.916785333,17.835196713
226,2001,2001-01-01,8,8021,11.044878,11.0116945,11.0116945,11.013631812
227,2001,2001-01-01,8,8023,11.310948,11.184213,11.184213,11.175869493
228,2001,2001-01-01,8,8025,14.712582,14.712582,14.712582,14.712582
229,2001,2001-01-01,8,8027,12.33497,12.33497,12.33497,12.33497
230,2001,2001-01-01,8,8029,13.795285,13.60883,13.585261571,13.5782106
231,2001,2001-01-01,8,8031,24.238423,22.818945,22.761870708,22.763671499
232,2001,2001-01-01,8,8033,11.751743,11.751743,11.751743,11.751743
233,2001,2001-01-01,8,8035,20.856165,20.032206,19.672754393,19.73506906
234,2001,2001-01-01,8,8037,15.207875,14.8431565,14.751938786,14.686899931
235,2001,2001-01-01,8,8039,20.077312,18.625564,18.572643429,18.928940321
236,2001,2001-01-01,8,8041,16.629512,14.9049865,15.009039777,15.116545779
237,2001,2001-01-01,8,8043,13.520538,13.004282,13.042571,13.065103165
238,2001,2001-01-01,8,8045,15.142474,14.37019,14.379549455,14.400364958
239,2001,2001-01-01,8,8047,19.099107,19.099107,19.099107,19.099107
240,2001,2001-01-01,8,8049,17.318006,17.101848,16.641932,16.859009674
241,2001,2001-01-01,8,8051,13.411971,12.8668605,12.9511795,12.923306051
242,2001,2001-01-01,8,8053,11.166512,11.166512,11.166512,11.166512
243,2001,2001-01-01,8,8055,11.691559,11.667752,11.667752,11.668337331
244,2001,2001-01-01,8,8057,15.298445,15.298445,15.298445,15.298445
245,2001,2001-01-01,8,8059,23.114726,21.7165095,21.496735029,21.519436278
246,2001,2001-01-01,8,8061,15.812115,15.812115,15.812115,15.812115
247,2001,2001-01-01,8,8063,15.90177,15.52864,15.342181667,14.95113673
248,2001,2001-01-01,8,8065,14.257779,14.1607145,14.1607145,14.200151103
249,2001,2001-01-01,8,8067,11.644686,10.494869,10.6690447,10.685737241
250,2001,2001-01-01,8,8069,23.634546,21.800124,21.484641411,21.741476987
251,2001,2001-01-01,8,8071,11.487552,10.9476,11.043612833,11.050777756
252,2001,2001-01-01,8,8073,16.875322,16.21902,16.21902,16.370160336
253,2001,2001-01-01,8,8075,17.492478,16.807399,16.592426833,16.704904517
254,2001,2001-01-01,8,8077,14.329048,13.445329,13.48701269,13.527105154
255,2001,2001-01-01,8,8079,10.970328,10.970328,10.970328,10.970328
256,2001,2001-01-01,8,8081,17.607212,16.115628,16.46894075,16.271235702
257,2001,2001-01-01,8,8083,12.820676,12.176206,12.055789286,12.006562073
258,2001,2001-01-01,8,8085,13.109028,12.778081,12.7591481,12.762399996
259,2001,2001-01-01,8,8087,23.12153,21.652089,21.642511375,21.580792202
260,2001,2001-01-01,8,8089,14.55408,14.117491,14.036646714,14.118071775
261,2001,2001-01-01,8,8091,11.853443,11.853443,11.853443,11.853443
262,2001,2001-01-01,8,8093,16.703005,14.599091,15.086324,15.517253625
263,2001,2001-01-01,8,8095,14.161147,13.784015,13.784015,13.649870795
264,2001,2001-01-01,8,8097,13.781451,13.69423,13.6787065,13.686983681
265,2001,2001-01-01,8,8099,15.667181,15.284258,15.3503082,15.329075607
266,2001,2001-01-01,8,8101,14.114104,13.773993,13.727289764,13.69544148
267,2001,2001-01-01,8,8103,16.505748,16.0870175,16.0870175,16.021060851
268,2001,2001-01-01,8,8105,11.407426,11.270895,11.274509667,11.281943297
269,2001,2001-01-01,8,8107,15.862596,15.238711,15.270779375,15.240223439
270,2001,2001-01-01,8,8109,11.958709,11.859985,11.859985,11.862862026
271,2001,2001-01-01,8,8111,10.902546,10.902546,10.902546,10.902546
272,2001,2001-01-01,8,8113,11.914465,11.387674,11.47593075,11.45027401
273,2001,2001-01-01,8,8115,13.460163,13.460163,13.460163,13.460163
274,2001,2001-01-01,8,8117,16.300947,15.366866,15.4824018,15.574284067
275,2001,2001-01-01,8,8119,15.323805,14.514644,14.461592667,14.760945626
276,2001,2001-01-01,8,8121,18.577042,18.2078085,18.2078085,18.247385668
277,2001,2001-01-01,8,8123,25.91132,25.092565,24.777681805,24.789991442
278,2001,2001-01-01,8,8125,15.560663,14.936427,14.936427,14.988576159
279,2001,2001-01-01,9,9001,7.055136,6.2714295,6.2672924143,6.2848615899
280,2001,2001-01-01,9,9003,7.688013,6.368679,6.4191652545,6.4353140477
281,2001,2001-01-01,9,9005,6.47763,5.285997,5.4864544902,5.5464403945
282,2001,2001-01-01,9,9007,8.027835,7.342472,7.1999164167,7.1814694613
283,2001,2001-01-01,9,9009,8.41121,7.723874,7.5592843175,7.5689146113
284,2001,2001-01-01,9,9011,6.440589,5.797197,5.7781693538,5.7830856028
285,2001,2001-01-01,9,9013,6.398299,6.189962,6.0850485517,6.0536696555
286,2001,2001-01-01,9,9015,5.754995,5.262512,5.33486256,5.3387777342
287,2001,2001-01-01,10,10001,9.649607,9.485277,9.4657574375,9.4719092634
288,2001,2001-01-01,10,10003,11.624079,10.9283795,10.849504631,10.71205566
289,2001,2001-01-01,10,10005,11.171963,10.031874,9.8818629434,10.033461074
290,2001,2001-01-01,11,11001,12.385951,11.966009,11.931127017,11.904106268
291,2001,2001-01-01,12,12001,20.32272,19.86928,19.689783929,19.657539361
292,2001,2001-01-01,12,12003,18.296311,16.924896,17.13191575,17.152768735
293,2001,2001-01-01,12,12005,15.377054,13.020322,13.06756814,13.303810666
294,2001,2001-01-01,12,12007,19.389036,19.0428425,19.11166025,19.093252692
295,2001,2001-01-01,12,12009,15.707184,13.306843,13.542762876,13.587837769
296,2001,2001-01-01,12,12011,17.83372,13.718296,13.772618393,13.942002866
297,2001,2001-01-01,12,12013,16.326424,16.003839,16.059760333,16.142317082
298,2001,2001-01-01,12,12015,16.791721,16.3540175,16.297316447,16.319350514
299,2001,2001-01-01,12,12017,15.971009,14.316698,14.33042137,14.21033155
300,2001,2001-01-01,12,12019,20.565657,19.9633825,19.804581167,19.874702863
301,2001,2001-01-01,12,12021,17.693675,15.560589,15.698392164,15.900270366
302,2001,2001-01-01,12,12023,18.139641,17.8290775,17.704766917,17.651756273
303,2001,2001-01-01,12,12027,17.005791,15.673604,15.781979111,15.58457839
304,2001,2001-01-01,12,12029,17.814577,17.003869,16.537196333,16.813704161
305,2001,2001-01-01,12,12031,20.620089,18.940863,18.77816759,18.751163909
306,2001,2001-01-01,12,12033,11.240667,10.737839,10.635343972,10.667959472
307,2001,2001-01-01,12,12035,17.586969,15.9332775,15.99013185,16.127110561
308,2001,2001-01-01,12,12037,16.321764,14.64962,14.36279275,14.851245235
309,2001,2001-01-01,12,12039,18.97916,18.179352,17.978897222,17.940879101
310,2001,2001-01-01,12,12041,18.384033,18.180915,18.183605,18.203151636
311,2001,2001-01-01,12,12043,16.187377,15.858886,15.159277,15.497761841
312,2001,2001-01-01,12,12045,15.859448,14.084035,14.435585667,14.877362703
313,2001,2001-01-01,12,12047,16.839765,16.30522,16.369674333,16.290723612
314,2001,2001-01-01,12,12049,17.400129,16.4368425,16.397569833,16.404483532
315,2001,2001-01-01,12,12051,18.700651,16.894132,16.999660286,17.089907371
316,2001,2001-01-01,12,12053,17.168188,15.3943215,15.370479182,15.3679234
317,2001,2001-01-01,12,12055,15.049952,14.243844,14.128251963,14.13862949
318,2001,2001-01-01,12,12057,21.569277,20.2445585,20.078657753,20.038447948
319,2001,2001-01-01,12,12059,14.357198,13.6252035,13.63174375,13.69405134
320,2001,2001-01-01,12,12061,12.206902,10.7899975,10.795879433,10.895667078
321,2001,2001-01-01,12,12063,15.573147,14.770808,14.816934545,14.884864814
322,2001,2001-01-01,12,12065,17.359358,16.229201,16.459885667,16.431109853
323,2001,2001-01-01,12,12067,18.996513,18.5548835,18.5548835,18.681447445
324,2001,2001-01-01,12,12069,18.198762,17.54431,17.416942696,17.302003582
325,2001,2001-01-01,12,12071,16.333544,15.6048915,15.572017277,15.555522441
326,2001,2001-01-01,12,12073,19.414252,18.828491,18.633823044,18.584048118
327,2001,2001-01-01,12,12075,17.496125,16.2577,15.622026111,15.910825987
328,2001,2001-01-01,12,12077,17.919904,17.3254915,17.3254915,17.030523623
329,2001,2001-01-01,12,12079,16.988355,16.512486,16.5262502,16.574527652
330,2001,2001-01-01,12,12081,19.360852,17.5598845,17.504427333,17.605079124
331,2001,2001-01-01,12,12083,18.140247,17.5041,17.188356333,17.12640428
332,2001,2001-01-01,12,12085,12.509257,9.272567,9.371807,9.3678421286
333,2001,2001-01-01,12,12086,18.215407,15.835261,15.841284263,15.948849994
334,2001,2001-01-01,12,12087,16.804243,13.36339,13.670075033,13.510670564
335,2001,2001-01-01,12,12089,16.556547,14.51961,14.544407833,14.629618615
336,2001,2001-01-01,12,12091,12.107,11.422137,11.346729512,11.257482355
337,2001,2001-01-01,12,12093,12.991054,12.7022835,12.675919417,12.669647581
338,2001,2001-01-01,12,12095,19.016921,18.47494,18.360726633,18.23214055
339,2001,2001-01-01,12,12097,18.131333,17.523263,17.366082098,17.375100899
340,2001,2001-01-01,12,12099,17.027704,12.0724,11.954443006,11.971168764
341,2001,2001-01-01,12,12101,18.884403,15.991213,16.351099328,16.508606269
342,2001,2001-01-01,12,12103,20.046469,16.9270335,17.002205352,16.997978879
343,2001,2001-01-01,12,12105,18.800485,17.027133,17.153195597,17.165100781
344,2001,2001-01-01,12,12107,18.986512,18.474401,18.383233294,18.41292712
345,2001,2001-01-01,12,12109,20.468131,17.025028,17.565293725,17.880267703
346,2001,2001-01-01,12,12111,10.988293,9.812673,9.8263657727,9.9401941255
347,2001,2001-01-01,12,12113,11.104355,10.406482,10.34918616,10.331634595
348,2001,2001-01-01,12,12115,18.889566,17.4563495,17.320772957,17.28501463
349,2001,2001-01-01,12,12117,19.512707,18.9672015,18.909978349,18.896295702
350,2001,2001-01-01,12,12119,17.576297,17.118015,17.052210947,17.221411776
351,2001,2001-01-01,12,12121,18.792458,18.396907,18.327042571,18.317076418
352,2001,2001-01-01,12,12123,17.108549,16.9988835,16.922823,16.873899647
353,2001,2001-01-01,12,12125,18.471617,18.380674,18.383931667,18.364215402
354,2001,2001-01-01,12,12127,18.356095,15.460736,15.953427044,16.180496271
355,2001,2001-01-01,12,12129,18.564685,17.6627945,17.73630075,17.72414639
356,2001,2001-01-01,12,12131,13.499302,12.187996,12.055486091,11.888913825
357,2001,2001-01-01,12,12133,15.029866,14.643439,14.644184571,14.631723347
358,2001,2001-01-01,13,13001,13.799312,13.547769,13.5114922,13.507893122
359,2001,2001-01-01,13,13003,14.809784,14.664824,14.554428667,14.56828907
360,2001,2001-01-01,13,13005,14.464903,14.147373,14.233476,14.233695701
361,2001,2001-01-01,13,13007,13.931623,13.670688,13.670688,13.599235211
362,2001,2001-01-01,13,13009,14.834993,14.671434,14.559332556,14.509096074
363,2001,2001-01-01,13,13011,14.441532,14.0277765,13.949667,13.903635434
364,2001,2001-01-01,13,13013,15.462817,15.0682535,15.065930111,15.088589503
365,2001,2001-01-01,13,13015,10.779443,9.996793,10.0320478,9.9189361701
366,2001,2001-01-01,13,13017,13.349874,13.335369,13.2811868,13.304024313
367,2001,2001-01-01,13,13019,16.665938,14.999214,15.094920667,15.180323766
368,2001,2001-01-01,13,13021,14.495061,14.1188005,14.066577545,13.979711708
369,2001,2001-01-01,13,13023,13.13782,13.061572,13.081762,13.088223229
370,2001,2001-01-01,13,13025,14.282255,13.59328,13.657135,13.609094242
371,2001,2001-01-01,13,13027,16.188264,15.622342,15.7198406,15.80646227
372,2001,2001-01-01,13,13029,14.673052,14.021313,13.984614286,13.848272642
373,2001,2001-01-01,13,13031,14.787177,14.400311,14.343009167,14.338742301
374,2001,2001-01-01,13,13033,14.972417,14.0644275,14.187750333,14.203335
375,2001,2001-01-01,13,13035,15.101561,15.075073,14.962998,14.969597656
376,2001,2001-01-01,13,13037,12.803864,12.713027,12.713027,12.718020728
377,2001,2001-01-01,13,13039,13.815432,12.873068,12.8667839,13.062760271
378,2001,2001-01-01,13,13043,14.393385,14.161187,14.151649333,14.09127536
379,2001,2001-01-01,13,13045,10.147757,9.561639,9.583348,9.5758891946
380,2001,2001-01-01,13,13047,13.54332,13.175523,13.080023,13.121770456
381,2001,2001-01-01,13,13049,14.101152,13.7595435,13.7595435,13.577414048
382,2001,2001-01-01,13,13051,16.785739,15.906944,15.610849394,15.343600823
383,2001,2001-01-01,13,13053,13.452528,13.002585,13.0156762,13.097761028
384,2001,2001-01-01,13,13055,8.513584,7.766936,7.7556506667,7.7809044425
385,2001,2001-01-01,13,13057,11.95356,11.332984,11.332000385,11.32907262
386,2001,2001-01-01,13,13059,15.956526,15.7345905,15.7342779,15.728044534
387,2001,2001-01-01,13,13061,12.382327,12.382327,12.382327,12.382327
388,2001,2001-01-01,13,13063,15.423691,14.72929,14.60977308,14.687079093
389,2001,2001-01-01,13,13065,13.988777,13.533318,13.533318,13.779874211
390,2001,2001-01-01,13,13067,14.043026,12.3057285,12.324284167,12.245926947
391,2001,2001-01-01,13,13069,14.823299,14.539083,14.435509111,14.474373292
392,2001,2001-01-01,13,13071,15.866402,14.862036,14.9238638,14.936023338
393,2001,2001-01-01,13,13073,15.694119,15.2421485,15.15911075,15.16672269
394,2001,2001-01-01,13,13075,17.248361,16.92816,16.70692525,16.906219394
395,2001,2001-01-01,13,13077,13.425938,11.7610025,11.7321587,11.692288657
396,2001,2001-01-01,13,13079,12.298329,11.700601,11.868039667,11.94992462
397,2001,2001-01-01,13,13081,13.865337,13.452572,13.457133333,13.485051421
398,2001,2001-01-01,13,13083,12.089321,11.662703,11.67390325,11.718602847
399,2001,2001-01-01,13,13085,12.479455,11.853659,11.898027667,11.879346776
400,2001,2001-01-01,13,13087,17.7947,16.702266,16.730755714,16.680879873
401,2001,2001-01-01,13,13089,16.5553,15.961813,15.679903559,15.678255744
402,2001,2001-01-01,13,13091,13.096356,12.970809,12.947008333,12.972952415
403,2001,2001-01-01,13,13093,14.211564,14.198576,14.186163,14.180313333
404,2001,2001-01-01,13,13095,14.054661,12.966683,13.084978778,13.066571793
405,2001,2001-01-01,13,13097,11.883256,10.7785885,10.83935625,10.854021746
406,2001,2001-01-01,13,13099,13.705361,13.360961,13.1668046,13.159465076
407,2001,2001-01-01,13,13101,15.719615,14.949755,14.949755,15.073039472
408,2001,2001-01-01,13,13103,14.4665,14.030281,13.9930028,14.025509199
409,2001,2001-01-01,13,13105,16.124174,15.919019,15.8449184,15.799053515
410,2001,2001-01-01,13,13107,14.097758,13.950306,13.934325833,13.914947951
411,2001,2001-01-01,13,13109,15.723322,15.687975,15.615703333,15.628903611
412,2001,2001-01-01,13,13111,12.214822,11.684475,11.7949404,11.809107832
413,2001,2001-01-01,13,13113,15.223472,14.501321,14.4604138,14.432396542
414,2001,2001-01-01,13,13115,8.88742,7.8275245,7.7581934,7.7469641214
415,2001,2001-01-01,13,13117,13.683515,13.046733,13.006804778,12.982996374
416,2001,2001-01-01,13,13119,15.530788,15.126154,15.0354856,15.025225191
417,2001,2001-01-01,13,13121,15.953759,14.301757,14.189914873,13.820136432
418,2001,2001-01-01,13,13123,11.353855,11.184617,11.1535904,11.124553905
419,2001,2001-01-01,13,13125,13.359674,13.359674,13.359674,13.359674
420,2001,2001-01-01,13,13127,12.74835,12.131123,12.2053718,12.310085123
421,2001,2001-01-01,13,13129,11.181989,10.239622,10.221578778,10.25642053
422,2001,2001-01-01,13,13131,16.435517,15.9444265,15.9817185,15.959311737
423,2001,2001-01-01,13,13133,14.811804,14.4652,14.477009429,14.545523318
424,2001,2001-01-01,13,13135,15.655006,14.38943,14.391655876,14.424445268
425,2001,2001-01-01,13,13137,12.855591,12.172251,12.12881925,12.186327706
426,2001,2001-01-01,13,13139,14.839669,14.135667,13.940997667,13.977856301
427,2001,2001-01-01,13,13141,13.919424,13.5982045,13.5982045,13.458290566
428,2001,2001-01-01,13,13143,8.766935,8.602676,8.547169,8.5296718016
429,2001,2001-01-01,13,13145,11.987464,11.612257,11.5633978,11.624842667
430,2001,2001-01-01,13,13147,16.328257,16.144928,16.1306886,16.133358854
431,2001,2001-01-01,13,13149,10.276333,10.090602,10.110576333,10.090181273
432,2001,2001-01-01,13,13151,15.954941,15.300842,15.31701448,15.300496127
433,2001,2001-01-01,13,13153,13.95377,13.450979,13.409415826,13.348231697
434,2001,2001-01-01,13,13155,13.620828,13.368314,13.368314,13.494544525
435,2001,2001-01-01,13,13157,15.534264,15.04292,15.133937,15.175485578
436,2001,2001-01-01,13,13159,15.291299,15.092982,15.122427667,15.065277685
437,2001,2001-01-01,13,13161,13.351979,13.313449,13.181629333,13.137930716
438,2001,2001-01-01,13,13163,14.570799,13.916664,13.94104925,13.9842439
439,2001,2001-01-01,13,13165,13.883586,13.840633,13.840633,13.819650923
440,2001,2001-01-01,13,13167,15.108829,15.094872,14.874625667,14.908766759
441,2001,2001-01-01,13,13169,14.541974,14.3544035,14.3377505,14.378567299
442,2001,2001-01-01,13,13171,13.855099,13.45726,13.349940667,13.431477329
443,2001,2001-01-01,13,13173,15.303405,14.912301,14.912301,15.153141586
444,2001,2001-01-01,13,13175,14.523574,14.064802,13.994780231,14.034073214
445,2001,2001-01-01,13,13177,12.705846,12.451947,12.428265,12.470084041
446,2001,2001-01-01,13,13179,14.704729,14.225399,14.074945143,14.100737501
447,2001,2001-01-01,13,13181,14.694008,14.528183,14.528183,14.516113196
448,2001,2001-01-01,13,13183,15.114664,14.082791,14.245355667,13.872177474
449,2001,2001-01-01,13,13185,16.805423,16.513447,16.47510516,16.481119354
450,2001,2001-01-01,13,13187,11.777561,11.3277155,11.3334105,11.366541595
451,2001,2001-01-01,13,13189,15.31946,14.846936,14.9384516,14.989164807
452,2001,2001-01-01,13,13191,13.258446,12.8253595,12.74365,12.527371639
453,2001,2001-01-01,13,13193,13.479022,12.7452865,12.79720075,13.026164949
454,2001,2001-01-01,13,13195,15.801607,15.579014,15.508865,15.487395523
455,2001,2001-01-01,13,13197,11.818689,11.682808,11.682808,11.678082786
456,2001,2001-01-01,13,13199,10.868976,10.7606625,10.761198,10.743933121
457,2001,2001-01-01,13,13201,14.469123,14.210995,14.249798,14.233934506
458,2001,2001-01-01,13,13205,14.901417,14.15614,14.2677726,14.331810567
459,2001,2001-01-01,13,13207,14.417332,14.108906,13.9923914,14.014208595
460,2001,2001-01-01,13,13209,13.239051,13.139612,13.102339333,13.108282323
461,2001,2001-01-01,13,13211,15.022142,14.905121,14.9066664,14.907663013
462,2001,2001-01-01,13,13213,12.472432,11.98043,11.9955025,12.073440765
463,2001,2001-01-01,13,13215,13.682263,13.379878,13.266229302,13.166343971
464,2001,2001-01-01,13,13217,16.038014,15.760305,15.667912231,15.687482587
465,2001,2001-01-01,13,13219,15.759956,15.3461975,15.369219,15.415025552
466,2001,2001-01-01,13,13221,15.552983,15.4388715,15.3646655,15.41034186
467,2001,2001-01-01,13,13223,10.757903,10.268614,10.228780842,10.176327962
468,2001,2001-01-01,13,13225,12.948363,12.407775,12.457312333,12.532842468
469,2001,2001-01-01,13,13227,11.37471,11.169097,11.157127333,11.183178702
470,2001,2001-01-01,13,13229,14.811973,14.671187,14.58773775,14.686407404
471,2001,2001-01-01,13,13231,12.626625,12.038821,11.947888,12.062261905
472,2001,2001-01-01,13,13233,9.213611,8.623115,8.648386,8.6562300973
473,2001,2001-01-01,13,13235,13.716,13.282452,13.390199333,13.313816771
474,2001,2001-01-01,13,13237,14.688298,14.396212,14.4170874,14.400238859
475,2001,2001-01-01,13,13239,12.071264,12.071264,12.071264,12.071264
476,2001,2001-01-01,13,13241,10.918687,10.796069,10.781952,10.780914119
477,2001,2001-01-01,13,13243,11.866225,11.6713425,11.6713425,11.770386942
478,2001,2001-01-01,13,13245,17.323625,16.336889,16.269709596,16.211106086
479,2001,2001-01-01,13,13247,16.131512,15.908145,15.925269467,15.942338832
480,2001,2001-01-01,13,13249,12.194244,11.972255,11.972255,11.941770283
481,2001,2001-01-01,13,13251,13.777424,13.490065,13.5739564,13.524137291
482,2001,2001-01-01,13,13253,15.218075,14.645492,14.830785,14.82664459
483,2001,2001-01-01,13,13255,14.681148,14.283456,14.139235833,14.105703184
484,2001,2001-01-01,13,13257,13.772284,13.293025,13.2037578,13.215097069
485,2001,2001-01-01,13,13259,11.88461,11.8205885,11.8205885,11.842844901
486,2001,2001-01-01,13,13261,13.361487,12.6889975,12.61989275,12.5882659
487,2001,2001-01-01,13,13263,11.299435,10.780333,10.948069667,10.908585316
488,2001,2001-01-01,13,13265,14.144913,14.144913,14.144913,14.144913
489,2001,2001-01-01,13,13267,15.480158,14.841799,14.8383882,14.868520841
490,2001,2001-01-01,13,13269,11.438765,11.222884,11.196155667,11.232499542
491,2001,2001-01-01,13,13271,12.924182,12.791217,12.800758667,12.734010164
492,2001,2001-01-01,13,13273,11.880333,11.765567,11.782229,11.764602939
493,2001,2001-01-01,13,13275,15.536211,15.391722,15.388701273,15.420578329
494,2001,2001-01-01,13,13277,14.549013,13.881038,13.918970111,13.873514147
495,2001,2001-01-01,13,13279,14.037995,13.6000595,13.592070167,13.628390718
496,2001,2001-01-01,13,13281,11.732626,10.97794,11.215500333,11.257474827
497,2001,2001-01-01,13,13283,13.627521,13.615724,13.615724,13.62302152
498,2001,2001-01-01,13,13285,11.228228,10.8828315,10.892541643,10.895721413
499,2001,2001-01-01,13,13287,12.889391,12.8524715,12.8524715,12.84447572
500,2001,2001-01-01,13,13289,14.913562,14.4324665,14.4324665,14.492236871
501,2001,2001-01-01,13,13291,12.221363,11.638139,11.662414167,11.724861746
502,2001,2001-01-01,13,13293,12.117946,11.361232,11.435760286,11.409823145
503,2001,2001-01-01,13,13295,13.272261,11.975176,11.721674462,11.842241602
504,2001,2001-01-01,13,13297,15.125621,14.90307,14.880601467,14.888982539
505,2001,2001-01-01,13,13299,15.159559,14.964674,14.722105778,14.618924167
506,2001,2001-01-01,13,13301,13.973605,13.934323,13.934323,13.933366873
507,2001,2001-01-01,13,13303,16.406231,14.712914,15.046696,15.113626076
508,2001,2001-01-01,13,13305,13.793955,13.345585,13.387368,13.375435024
509,2001,2001-01-01,13,13307,11.703062,11.683484,11.683484,11.683365091
510,2001,2001-01-01,13,13309,12.963155,12.9107425,12.9107425,12.895790706
511,2001,2001-01-01,13,13311,12.055485,11.34145,11.3599498,11.504122903
512,2001,2001-01-01,13,13313,13.087321,12.4206925,12.410674333,12.391439633
513,2001,2001-01-01,13,13315,13.71224,13.612185,13.56820975,13.496663595
514,2001,2001-01-01,13,13317,15.029739,14.816741,14.7783675,14.676354058
515,2001,2001-01-01,13,13319,16.481354,15.722021,15.881947667,15.859274714
516,2001,2001-01-01,13,13321,14.576362,14.077425,13.996966,14.065184032
517,2001,2001-01-01,16,16001,17.437822,16.579091,16.624257525,16.707007134
518,2001,2001-01-01,16,16003,11.845861,11.757541,11.757541,11.746923052
519,2001,2001-01-01,16,16005,29.779982,24.626666,24.851429045,24.898871721
520,2001,2001-01-01,16,16007,35.272056,34.8475045,34.8475045,34.784240227
521,2001,2001-01-01,16,16009,14.955141,14.9245185,14.9245185,14.923816013
522,2001,2001-01-01,16,16011,26.155066,24.4198955,24.3085935,24.239583599
523,2001,2001-01-01,16,16013,17.145031,13.434166,14.15536975,14.231562815
524,2001,2001-01-01,16,16015,13.185789,13.185789,13.185789,13.185789
525,2001,2001-01-01,16,16017,15.937772,14.922194,14.774247778,14.798685741
526,2001,2001-01-01,16,16019,25.989411,25.457731,25.447500619,25.534127339
527,2001,2001-01-01,16,16021,15.416645,14.9287925,14.9287925,14.943109717
528,2001,2001-01-01,16,16023,15.918058,15.918058,15.918058,15.918058
529,2001,2001-01-01,16,16025,13.85489,13.85489,13.85489,13.85489
530,2001,2001-01-01,16,16027,17.070388,16.80117,16.772032828,16.799720989
531,2001,2001-01-01,16,16029,28.742495,28.430685,28.430685,28.485273021
532,2001,2001-01-01,16,16031,22.025855,20.635163,20.561501,20.611663641
533,2001,2001-01-01,16,16033,16.846433,16.846433,16.846433,16.846433
534,2001,2001-01-01,16,16035,15.67488,15.595846,15.595846,15.620031613
535,2001,2001-01-01,16,16037,12.089861,12.089861,12.089861,12.089861
536,2001,2001-01-01,16,16039,16.320303,15.863885,15.651106,15.765245554
537,2001,2001-01-01,16,16041,41.420703,39.0754375,39.0754375,39.194663417
538,2001,2001-01-01,16,16043,23.67426,22.187443,21.869568,22.826548704
539,2001,2001-01-01,16,16045,16.617948,16.167192,15.851655,15.948642394
540,2001,2001-01-01,16,16047,17.253572,16.9217795,16.9217795,16.932850693
541,2001,2001-01-01,16,16049,14.466084,13.130095,13.3410194,13.510736475
542,2001,2001-01-01,16,16051,25.652377,25.301421,24.4023555,24.884984219
543,2001,2001-01-01,16,16053,19.414233,18.117065,18.302482,18.226979008
544,2001,2001-01-01,16,16055,16.908632,16.642477,16.53465752,16.522918252
545,2001,2001-01-01,16,16057,15.288299,13.882389,14.160211857,13.951366758
546,2001,2001-01-01,16,16059,14.39171,13.979512,13.927699,13.958188112
547,2001,2001-01-01,16,16061,15.482728,14.727587,14.591992667,15.057945347
548,2001,2001-01-01,16,16063,18.35394,18.35394,18.35394,18.35394
549,2001,2001-01-01,16,16065,25.640815,24.828696,24.883929667,24.850900855
550,2001,2001-01-01,16,16067,20.991158,20.481598,20.3357782,20.408978021
551,2001,2001-01-01,16,16069,15.171167,13.6244075,13.8622367,13.741109636
552,2001,2001-01-01,16,16071,29.800424,29.800424,29.800424,29.800424
553,2001,2001-01-01,16,16073,16.122327,16.069122,15.049581667,15.027814006
554,2001,2001-01-01,16,16075,15.708372,15.2109775,15.23258175,15.304978854
555,2001,2001-01-01,16,16077,24.342427,23.000899,23.000899,22.226049452
556,2001,2001-01-01,16,16079,15.300482,15.063853,15.125734,15.115730805
557,2001,2001-01-01,16,16081,23.104404,23.104404,23.104404,23.104404
558,2001,2001-01-01,16,16083,18.602569,17.9203995,17.675275714,17.740031563
559,2001,2001-01-01,16,16085,12.434974,12.360789,12.235979333,12.275103613
560,2001,2001-01-01,16,16087,13.723446,12.892407,12.898976667,12.837450848
561,2001,2001-01-01,17,17001,17.017729,15.96956,15.995759889,16.007114191
562,2001,2001-01-01,17,17003,14.003979,13.8100895,13.845879,13.868486465
563,2001,2001-01-01,17,17005,16.311581,16.154856,16.15674175,16.117774173
564,2001,2001-01-01,17,17007,15.000539,14.778409,14.709414143,14.729946124
565,2001,2001-01-01,17,17009,16.729754,16.684355,16.684355,16.695644214
566,2001,2001-01-01,17,17011,23.571543,21.213147,21.3830739,21.362751795
567,2001,2001-01-01,17,17013,16.000509,15.649395,15.649395,15.630559448
568,2001,2001-01-01,17,17015,18.471176,17.1846225,17.240163333,17.098662975
569,2001,2001-01-01,17,17017,17.427222,17.223131,17.2591498,17.253066193
570,2001,2001-01-01,17,17019,21.190724,20.874284,20.73783386,20.718224094
571,2001,2001-01-01,17,17021,17.601675,17.3691075,17.3740076,17.355964667
572,2001,2001-01-01,17,17023,19.322646,19.0925545,19.0787545,19.060015869
573,2001,2001-01-01,17,17025,17.669897,17.0922935,17.1494015,17.107997442
574,2001,2001-01-01,17,17027,17.940005,16.6529765,16.745157,16.877429786
575,2001,2001-01-01,17,17029,19.325221,19.176572,19.168408917,19.16941913
576,2001,2001-01-01,17,17031,29.726051,21.1337605,21.409163978,21.16787242
577,2001,2001-01-01,17,17033,20.588851,20.4334735,20.311786333,20.319817237
578,2001,2001-01-01,17,17035,19.03888,18.841017,18.861390333,18.842227907
579,2001,2001-01-01,17,17037,16.979319,15.425242,15.590030714,15.47188736
580,2001,2001-01-01,17,17039,21.130865,20.944805,20.9291384,20.926800975
581,2001,2001-01-01,17,17041,19.926574,19.586532,19.696916,19.667097447
582,2001,2001-01-01,17,17043,20.560422,18.612803,18.517647792,18.521765253
583,2001,2001-01-01,17,17045,19.992133,19.651498,19.6608838,19.631733106
584,2001,2001-01-01,17,17047,17.974381,17.338991,17.5487,17.564705361
585,2001,2001-01-01,17,17049,18.327565,17.8668985,17.853858875,17.848151071
586,2001,2001-01-01,17,17051,16.904833,16.441414,16.494511286,16.49136902
587,2001,2001-01-01,17,17053,21.094644,19.912,20.124702,20.041641467
588,2001,2001-01-01,17,17055,15.060268,14.9761205,14.926511917,14.925229991
589,2001,2001-01-01,17,17057,21.163918,20.11887,19.9144025,19.945100173
590,2001,2001-01-01,17,17059,14.745082,14.5214005,14.5214005,14.49678713
591,2001,2001-01-01,17,17061,15.865606,15.643382,15.6210434,15.613452551
592,2001,2001-01-01,17,17063,20.55035,19.1441455,19.2871856,19.185216372
593,2001,2001-01-01,17,17065,15.289583,15.022719,15.015053333,15.026082132
594,2001,2001-01-01,17,17067,19.22301,18.71857,18.354299857,18.272854574
595,2001,2001-01-01,17,17069,13.703653,13.5521825,13.5521825,13.540261211
596,2001,2001-01-01,17,17071,22.180863,21.032713,21.117166667,21.06177022
597,2001,2001-01-01,17,17073,26.072997,24.45894,24.762271615,24.932519393
598,2001,2001-01-01,17,17075,21.381061,21.153048,21.091609556,21.116275606
599,2001,2001-01-01,17,17077,15.947816,15.1167765,15.169607643,15.146951239
600,2001,2001-01-01,17,17079,19.152646,19.010349,18.968919667,18.941381125
601,2001,2001-01-01,17,17081,15.635701,15.537344,15.518743364,15.507173169
602,2001,2001-01-01,17,17083,16.056339,15.7212205,15.771842667,15.734372402
603,2001,2001-01-01,17,17085,15.691266,15.132558,15.100634167,15.056980172
604,2001,2001-01-01,17,17087,13.977362,13.635244,13.60527375,13.664522281
605,2001,2001-01-01,17,17089,18.597115,17.0213075,16.862920329,16.796454639
606,2001,2001-01-01,17,17091,21.014044,20.307423,20.321559138,20.296469539
607,2001,2001-01-01,17,17093,18.767301,18.373449,18.2215552,18.175677903
608,2001,2001-01-01,17,17095,23.352787,22.2921355,22.294713563,22.293377003
609,2001,2001-01-01,17,17097,16.801671,16.135511,16.048499007,16.047571884
610,2001,2001-01-01,17,17099,21.234308,20.1078145,19.800373643,19.682395245
611,2001,2001-01-01,17,17101,20.842306,20.618078,20.4975672,20.421305863
612,2001,2001-01-01,17,17103,19.865286,18.22637,18.139654889,18.06936595
613,2001,2001-01-01,17,17105,20.724736,20.5126395,20.4789694,20.474784352
614,2001,2001-01-01,17,17107,20.991969,20.007234,19.890295125,19.831382568
615,2001,2001-01-01,17,17109,19.657708,19.289103,19.2294087,19.245703386
616,2001,2001-01-01,17,17111,15.582946,14.600219,14.558612827,14.519019638
617,2001,2001-01-01,17,17113,23.598893,23.2897,22.940213122,22.962657687
618,2001,2001-01-01,17,17115,19.660304,18.6867815,18.729237676,18.773143269
619,2001,2001-01-01,17,17117,16.553845,16.125714,16.151229769,16.135224258
620,2001,2001-01-01,17,17119,22.122767,18.01405,18.586723787,18.557240446
621,2001,2001-01-01,17,17121,16.333323,15.913693,15.942869917,15.945811132
622,2001,2001-01-01,17,17123,23.049896,22.160707,22.3931646,22.400014013
623,2001,2001-01-01,17,17125,19.913711,19.1100065,19.050819,19.107384339
624,2001,2001-01-01,17,17127,13.046321,12.8355305,12.7524365,12.772150843
625,2001,2001-01-01,17,17129,18.15362,17.953272,17.982715,18.028098683
626,2001,2001-01-01,17,17131,25.178738,24.225018,24.295675,24.3189671
627,2001,2001-01-01,17,17133,23.680704,21.7987885,21.697399667,21.858143943
628,2001,2001-01-01,17,17135,16.866723,16.37341,16.40169175,16.402996588
629,2001,2001-01-01,17,17137,16.997933,16.756459,16.7667193,16.762048432
630,2001,2001-01-01,17,17139,19.290627,19.034211,18.96872425,18.972621806
631,2001,2001-01-01,17,17141,17.013379,15.722109,15.656389727,15.631140204
632,2001,2001-01-01,17,17143,23.538622,23.1957215,23.042808563,22.971735768
633,2001,2001-01-01,17,17145,16.685011,15.9676985,15.955112667,15.984559733
634,2001,2001-01-01,17,17147,20.411861,19.8385175,19.9541,19.984472585
635,2001,2001-01-01,17,17149,15.584656,15.243828,15.2955978,15.307968499
636,2001,2001-01-01,17,17151,13.07517,12.6889635,12.6889635,12.721795372
637,2001,2001-01-01,17,17153,13.50577,13.4101575,13.4101575,13.411786994
638,2001,2001-01-01,17,17155,21.89178,21.703498,21.703498,21.705128147
639,2001,2001-01-01,17,17157,18.763044,17.353555,17.314349556,17.279243765
640,2001,2001-01-01,17,17159,18.840586,18.804261,18.7529236,18.750852758
641,2001,2001-01-01,17,17161,26.972148,26.5158885,26.452372675,26.402925206
642,2001,2001-01-01,17,17163,24.002318,22.836971,22.493140933,22.355150545
643,2001,2001-01-01,17,17165,14.390745,14.071509,14.144801444,14.123715147
644,2001,2001-01-01,17,17167,18.237744,17.737872,17.723729623,17.702696284
645,2001,2001-01-01,17,17169,17.766392,17.673612,17.619765333,17.633630929
646,2001,2001-01-01,17,17171,16.237803,16.1079595,16.1079595,16.068606372
647,2001,2001-01-01,17,17173,18.119119,17.647755,17.6287825,17.636377622
648,2001,2001-01-01,17,17175,23.844142,23.7058425,23.7058425,23.719870878
649,2001,2001-01-01,17,17177,14.708828,14.482624,14.357016,14.344691629
650,2001,2001-01-01,17,17179,24.193919,23.5762205,23.3336479,23.380644029
651,2001,2001-01-01,17,17181,14.186743,14.090698,14.04665,14.040494641
652,2001,2001-01-01,17,17183,21.16472,20.5959965,20.60117925,20.628968648
653,2001,2001-01-01,17,17185,19.314387,19.0892985,19.0997365,19.070248128
654,2001,2001-01-01,17,17187,21.951638,21.879751,21.5610502,21.629258554
655,2001,2001-01-01,17,17189,17.616176,16.4146715,16.630592,16.650163762
656,2001,2001-01-01,17,17191,16.79351,16.41833,16.3116716,16.324749904
657,2001,2001-01-01,17,17193,16.199701,15.659229,15.621861,15.601179063
658,2001,2001-01-01,17,17195,23.31765,19.863892,20.409289167,20.39503619
659,2001,2001-01-01,17,17197,26.907275,19.6010005,20.066713217,19.91063435
660,2001,2001-01-01,17,17199,15.112771,14.753112,14.7171724,14.686231958
661,2001,2001-01-01,17,17201,15.115275,14.629123,14.625017429,14.627500137
662,2001,2001-01-01,17,17203,23.357781,23.142498,22.740515333,22.854861829
663,2001,2001-01-01,18,18001,26.460798,26.315159,26.253487143,26.248470045
664,2001,2001-01-01,18,18003,28.307222,27.116313,26.766861594,26.534405685
665,2001,2001-01-01,18,18005,26.034037,25.123717,24.936405267,24.907511851
666,2001,2001-01-01,18,18007,22.20541,21.815221,21.755373667,21.815957475
667,2001,2001-01-01,18,18009,26.856559,26.669204,26.68083625,26.669249122
668,2001,2001-01-01,18,18011,28.350741,27.1891825,27.1428817,27.119996334
669,2001,2001-01-01,18,18013,24.839246,23.4517965,23.49930375,23.330546536
670,2001,2001-01-01,18,18015,30.683921,29.13639,29.187535714,29.211085749
671,2001,2001-01-01,18,18017,31.063432,29.825767,29.782743727,29.786383165
672,2001,2001-01-01,18,18019,23.33585,22.3483085,21.909993808,21.740511361
673,2001,2001-01-01,18,18021,22.60859,22.494456,22.453830333,22.434265478
674,2001,2001-01-01,18,18023,30.20662,29.587274,29.63024875,29.643627732
675,2001,2001-01-01,18,18025,22.262392,21.557016,21.730914,21.757189681
676,2001,2001-01-01,18,18027,23.318923,22.847973,22.966115143,23.041147867
677,2001,2001-01-01,18,18029,18.471836,18.0995655,18.1531859,18.159863872
678,2001,2001-01-01,18,18031,24.36734,22.8817155,22.829994167,22.699711276
679,2001,2001-01-01,18,18033,22.067462,19.419831,19.499135444,19.404123902
680,2001,2001-01-01,18,18035,28.182893,27.2919005,27.256965967,27.298525602
681,2001,2001-01-01,18,18037,25.296646,24.896532,24.915342,24.912102568
682,2001,2001-01-01,18,18039,21.181706,16.0392165,16.649622333,16.745138791
683,2001,2001-01-01,18,18041,21.592154,20.592959,20.649798143,20.633976625
684,2001,2001-01-01,18,18043,23.337699,22.7257635,22.70154865,22.601640052
685,2001,2001-01-01,18,18045,22.923656,22.55116,22.372564,22.339393603
686,2001,2001-01-01,18,18047,19.913693,18.638683,18.9299306,18.900056511
687,2001,2001-01-01,18,18049,27.033014,23.740653,23.916673833,23.675207295
688,2001,2001-01-01,18,18051,21.211015,20.46805,20.237454143,20.217705738
689,2001,2001-01-01,18,18053,29.27977,28.0910595,28.10782625,28.098937962
690,2001,2001-01-01,18,18055,22.460109,22.135623,22.138997,22.144149965
691,2001,2001-01-01,18,18057,29.615687,28.612574,28.58845441,28.600594339
692,2001,2001-01-01,18,18059,29.313286,27.2973005,27.61907,27.80580236
693,2001,2001-01-01,18,18061,22.495169,21.744661,21.8590145,21.863910757
694,2001,2001-01-01,18,18063,26.945241,26.174836,25.86662781,25.982485159
695,2001,2001-01-01,18,18065,27.094163,25.082872,25.122363846,25.142593276
696,2001,2001-01-01,18,18067,32.641466,32.3741595,32.23576425,32.185843961
697,2001,2001-01-01,18,18069,26.803406,26.024301,26.068684556,26.044806176
698,2001,2001-01-01,18,18071,22.718462,22.3611035,22.0176193,21.999737506
699,2001,2001-01-01,18,18073,28.462962,25.7073565,25.8893445,26.067225018
700,2001,2001-01-01,18,18075,25.834278,25.092115,25.098493714,25.095471019
701,2001,2001-01-01,18,18077,19.586215,18.771687,18.680706714,18.76307649
702,2001,2001-01-01,18,18079,23.539479,22.3168975,22.313345167,22.271705215
703,2001,2001-01-01,18,18081,30.514773,29.314275,28.952472227,29.026442653
704,2001,2001-01-01,18,18083,22.069318,21.410001,21.4861229,21.438914094
705,2001,2001-01-01,18,18085,21.931058,20.64634,20.637216474,20.440352099
706,2001,2001-01-01,18,18087,21.304161,18.614997,18.71787125,18.617130349
707,2001,2001-01-01,18,18089,34.252846,31.208614,31.018799855,30.837135508
708,2001,2001-01-01,18,18091,27.19986,11.107984,12.305906821,12.931554648
709,2001,2001-01-01,18,18093,21.947628,21.741538,21.7205042,21.723575801
710,2001,2001-01-01,18,18095,30.054275,29.029304,28.982188919,28.936169675
711,2001,2001-01-01,18,18097,30.977189,29.4757905,29.404135603,29.385406865
712,2001,2001-01-01,18,18099,22.886922,17.1825485,17.5110265,17.468865393
713,2001,2001-01-01,18,18101,23.101806,23.001432,22.898082333,22.932339898
714,2001,2001-01-01,18,18103,30.651004,28.9098145,28.8115434,28.812271671
715,2001,2001-01-01,18,18105,22.31962,22.0526,21.998786097,21.995709271
716,2001,2001-01-01,18,18107,25.806709,24.313577,24.271155444,24.218691991
717,2001,2001-01-01,18,18109,27.466151,24.248614,24.721905,24.924283715
718,2001,2001-01-01,18,18111,22.899946,21.5431695,21.73095275,22.025714581
719,2001,2001-01-01,18,18113,23.019091,21.981939,21.4843044,21.522618758
720,2001,2001-01-01,18,18115,18.840395,18.425411,18.425411,18.360129574
721,2001,2001-01-01,18,18117,22.173155,21.860016,21.8624835,21.854046918
722,2001,2001-01-01,18,18119,21.94461,21.80353,21.7160098,21.719154396
723,2001,2001-01-01,18,18121,22.224798,21.9009895,21.94186275,21.975804341
724,2001,2001-01-01,18,18123,24.175257,23.892522,23.857402,23.818808227
725,2001,2001-01-01,18,18125,22.912323,22.414891,22.435582,22.443600936
726,2001,2001-01-01,18,18127,33.040853,29.9093335,28.903742563,28.990987162
727,2001,2001-01-01,18,18129,17.506252,16.723426,16.634940429,16.721002557
728,2001,2001-01-01,18,18131,27.922626,27.793419,27.763362,27.772783064
729,2001,2001-01-01,18,18133,23.353499,22.28094,22.535897429,22.520229434
730,2001,2001-01-01,18,18135,24.709247,23.05885,23.256504,23.273275382
731,2001,2001-01-01,18,18137,19.973076,19.1366485,19.118200167,19.068607539
732,2001,2001-01-01,18,18139,24.158692,22.826687,23.0716842,23.135935874
733,2001,2001-01-01,18,18141,14.714192,11.724056,11.880068453,11.93140387
734,2001,2001-01-01,18,18143,21.440837,20.89106,20.915086,20.867692729
735,2001,2001-01-01,18,18145,28.403909,26.2932175,26.5208969,26.583643359
736,2001,2001-01-01,18,18147,24.145685,21.980898,22.515632,22.843332802
737,2001,2001-01-01,18,18149,28.238873,24.722766,24.399403857,24.564609361
738,2001,2001-01-01,18,18151,15.755304,14.171086,14.273402556,14.34202696
739,2001,2001-01-01,18,18153,21.367875,21.128474,20.905232,20.958475512
740,2001,2001-01-01,18,18155,18.301621,17.606508,17.831446,17.890276507
741,2001,2001-01-01,18,18157,28.406843,26.029326,25.995851243,25.950581615
742,2001,2001-01-01,18,18159,31.612118,30.7217905,30.9011445,30.916025828
743,2001,2001-01-01,18,18161,19.827365,19.495649,19.495649,19.550199423
744,2001,2001-01-01,18,18163,19.850297,18.895711,18.923666469,18.957033038
745,2001,2001-01-01,18,18165,21.386559,20.979321,21.0496314,21.098929012
746,2001,2001-01-01,18,18167,22.493631,21.60378,21.547265929,21.584329412
747,2001,2001-01-01,18,18169,28.258323,27.228132,26.3285335,26.037112859
748,2001,2001-01-01,18,18171,22.228559,21.853938,21.853938,21.897265111
749,2001,2001-01-01,18,18173,21.946873,20.793491,20.756721455,20.678188394
750,2001,2001-01-01,18,18175,21.867424,21.60301,21.606245167,21.63018861
751,2001,2001-01-01,18,18177,22.596882,20.744846,21.033463765,20.961385953
752,2001,2001-01-01,18,18179,27.38443,26.727282,26.781220857,26.829222399
753,2001,2001-01-01,18,18181,28.603514,26.6769015,26.797681625,26.859389238
754,2001,2001-01-01,18,18183,25.142892,23.994106,24.017566714,23.85428871
755,2001,2001-01-01,19,19001,16.191118,16.188672,16.163459667,16.1708175
756,2001,2001-01-01,19,19003,15.432018,15.265801,15.265801,15.243316943
757,2001,2001-01-01,19,19005,11.626556,11.508859,11.3236034,11.374390725
758,2001,2001-01-01,19,19007,17.107555,16.829734,16.8703274,16.852393437
759,2001,2001-01-01,19,19009,15.539914,15.451053,15.445172333,15.450781963
760,2001,2001-01-01,19,19011,20.343164,18.477797,18.566044714,18.6213033
761,2001,2001-01-01,19,19013,18.004623,17.700922,17.646455447,17.671027489
762,2001,2001-01-01,19,19015,19.595055,19.119306,18.961115,19.026841997
763,2001,2001-01-01,19,19017,17.288911,16.410169,16.239092125,16.451205266
764,2001,2001-01-01,19,19019,15.376159,15.0610455,14.854557167,14.911555802
765,2001,2001-01-01,19,19021,14.019007,13.737135,13.7358475,13.790152027
766,2001,2001-01-01,19,19023,19.323854,18.930131,18.7097042,18.670160337
767,2001,2001-01-01,19,19025,15.746809,15.062105,15.15729625,15.091684338
768,2001,2001-01-01,19,19027,16.037049,15.531766,15.593614667,15.578750501
769,2001,2001-01-01,19,19029,15.27585,15.154901,15.0956138,15.088873419
770,2001,2001-01-01,19,19031,23.761898,22.460401,22.669696,22.786235932
771,2001,2001-01-01,19,19033,19.613557,19.380396,19.197767909,19.191311886
772,2001,2001-01-01,19,19035,13.899491,13.4573795,13.495142,13.422119682
773,2001,2001-01-01,19,19037,15.705519,14.967665,15.0387435,15.011073122
774,2001,2001-01-01,19,19039,17.454068,17.239979,17.180707667,17.195305051
775,2001,2001-01-01,19,19041,13.017426,12.7601625,12.79885025,12.746383558
776,2001,2001-01-01,19,19043,12.226625,11.696061,11.643233,11.658995126
777,2001,2001-01-01,19,19045,22.479329,21.217564,21.130454667,21.238737495
778,2001,2001-01-01,19,19047,15.293708,14.886928,14.7693874,14.801362918
779,2001,2001-01-01,19,19049,19.695692,19.0736,18.680848,18.862059545
780,2001,2001-01-01,19,19051,16.945599,16.889564,16.889564,16.894371756
781,2001,2001-01-01,19,19053,16.506414,16.475586,16.446030333,16.42930835
782,2001,2001-01-01,19,19055,15.041455,13.3241695,13.62289675,13.774072688
783,2001,2001-01-01,19,19057,21.462513,20.158015,20.305796182,20.350111086
784,2001,2001-01-01,19,19059,12.535744,12.529882,12.4934844,12.500509097
785,2001,2001-01-01,19,19061,16.038136,14.211791,14.259160846,14.238590151
786,2001,2001-01-01,19,19063,13.82168,12.7092875,12.94339275,12.847868039
787,2001,2001-01-01,19,19065,14.235486,13.693574,13.559948714,13.57677228
788,2001,2001-01-01,19,19067,18.62766,17.356081,17.7884704,17.702300577
789,2001,2001-01-01,19,19069,19.111302,18.946829,18.837536667,18.878251526
790,2001,2001-01-01,19,19071,15.413348,15.404702,15.398681,15.400205373
791,2001,2001-01-01,19,19073,17.126949,16.6790995,16.659348,16.668202023
792,2001,2001-01-01,19,19075,19.372088,19.153336,19.061045,18.979439217
793,2001,2001-01-01,19,19077,16.605146,16.542845,16.456623667,16.500032367
794,2001,2001-01-01,19,19079,18.969074,18.304874,18.3876158,18.344641474
795,2001,2001-01-01,19,19081,17.464941,16.943837,16.93206375,17.010325841
796,2001,2001-01-01,19,19083,19.443806,19.195245,19.174574833,19.164890349
797,2001,2001-01-01,19,19085,15.073057,14.71562,14.7673038,14.774799858
798,2001,2001-01-01,19,19087,20.994676,19.984114,20.1220956,20.135091691
799,2001,2001-01-01,19,19089,15.483136,14.21667,14.551746333,14.467335773
800,2001,2001-01-01,19,19091,15.976274,15.7772595,15.728151,15.747853309
801,2001,2001-01-01,19,19093,13.963182,13.883492,13.870009667,13.867009206
802,2001,2001-01-01,19,19095,21.872773,21.51235,21.41758925,21.444508789
803,2001,2001-01-01,19,19097,18.835434,17.7112465,17.822544,17.811853186
804,2001,2001-01-01,19,19099,20.875919,20.57007,20.572014444,20.590327161
805,2001,2001-01-01,19,19101,19.3992,19.124508,19.145383,19.129250095
806,2001,2001-01-01,19,19103,24.206542,23.893014,23.662142,23.526730843
807,2001,2001-01-01,19,19105,19.71471,18.62203,18.344559,18.312751833
808,2001,2001-01-01,19,19107,21.28663,20.9929295,20.88655625,20.858729534
809,2001,2001-01-01,19,19109,15.745703,15.254392,15.2281575,15.24134387
810,2001,2001-01-01,19,19111,19.121546,17.823454,18.142352182,18.180597778
811,2001,2001-01-01,19,19113,21.813222,20.881655,20.705342533,20.7316706
812,2001,2001-01-01,19,19115,23.759213,22.63985,22.964862,22.909132895
813,2001,2001-01-01,19,19117,18.087513,17.938746,17.92945475,17.920299201
814,2001,2001-01-01,19,19119,10.609891,10.315969,10.272405,10.18658331
815,2001,2001-01-01,19,19121,17.962283,17.344944,17.51041,17.567519083
816,2001,2001-01-01,19,19123,20.655413,20.43653,20.434968571,20.436235319
817,2001,2001-01-01,19,19125,20.244725,19.820224,19.860013375,19.940023136
818,2001,2001-01-01,19,19127,19.811858,19.5533895,19.5666046,19.575433937
819,2001,2001-01-01,19,19129,16.038237,15.945995,15.7208504,15.709363032
820,2001,2001-01-01,19,19131,18.24003,17.686512,17.641744,17.653924762
821,2001,2001-01-01,19,19133,14.372057,14.231162,14.1629075,14.171027108
822,2001,2001-01-01,19,19135,18.957928,18.182622,18.386131333,18.432374553
823,2001,2001-01-01,19,19137,15.084449,14.8481655,14.88179525,14.890645238
824,2001,2001-01-01,19,19139,26.875196,26.251317,26.0338814,25.978070253
825,2001,2001-01-01,19,19141,12.80628,12.2951695,12.262214,12.149160389
826,2001,2001-01-01,19,19143,11.7329,11.455403,11.455403,11.429551376
827,2001,2001-01-01,19,19145,15.593593,15.2674055,15.345275167,15.332069576
828,2001,2001-01-01,19,19147,13.865869,13.5096035,13.55542,13.547994776
829,2001,2001-01-01,19,19149,14.50376,13.6826685,13.795818667,13.836197709
830,2001,2001-01-01,19,19151,14.571719,14.164311,14.296719333,14.28175246
831,2001,2001-01-01,19,19153,21.563083,21.039315,20.941907918,20.892335791
832,2001,2001-01-01,19,19155,17.112163,16.507953,16.234289933,16.262719378
833,2001,2001-01-01,19,19157,20.915662,19.998247,20.0737064,20.009452734
834,2001,2001-01-01,19,19159,16.237023,16.1424155,16.1424155,16.159176018
835,2001,2001-01-01,19,19161,14.729307,14.5136285,14.42824825,14.41944127
836,2001,2001-01-01,19,19163,26.530718,26.211969,26.039668319,25.956281025
837,2001,2001-01-01,19,19165,14.944498,14.641754,14.713589,14.717268636
838,2001,2001-01-01,19,19167,12.706037,11.800727,11.971716429,11.96338751
839,2001,2001-01-01,19,19169,21.09584,20.756489,20.72096745,20.731079996
840,2001,2001-01-01,19,19171,18.872657,18.6163705,18.503714333,18.503234453
841,2001,2001-01-01,19,19173,15.758736,15.568224,15.608254667,15.610837513
842,2001,2001-01-01,19,19175,16.525598,16.2034795,16.23540175,16.185328669
843,2001,2001-01-01,19,19177,17.479732,16.9062415,16.9062415,16.970484557
844,2001,2001-01-01,19,19179,19.364846,18.610169,18.731427091,18.736868476
845,2001,2001-01-01,19,19181,21.054873,20.331263,20.2043445,20.175658497
846,2001,2001-01-01,19,19183,23.02985,21.916879,22.0406788,22.133034658
847,2001,2001-01-01,19,19185,16.972024,16.805227,16.786842,16.79978872
848,2001,2001-01-01,19,19187,17.756112,16.682919,16.697400833,16.747675322
849,2001,2001-01-01,19,19189,17.299856,17.077356,16.936438667,16.999404731
850,2001,2001-01-01,19,19191,13.402836,12.797508,12.9104272,12.855693747
851,2001,2001-01-01,19,19193,15.743034,15.5623245,15.405146385,15.405648014
852,2001,2001-01-01,19,19195,18.544491,18.434553,18.365682,18.379099633
853,2001,2001-01-01,19,19197,18.226117,17.223635,17.4990402,17.41250467
854,2001,2001-01-01,20,20001,14.10546,13.953202,13.9365,13.941721239
855,2001,2001-01-01,20,20003,13.765038,13.6257795,13.6257795,13.661977772
856,2001,2001-01-01,20,20005,17.332425,17.1519865,16.9902545,16.966530586
857,2001,2001-01-01,20,20007,10.174101,10.0005255,10.0005255,9.9499989967
858,2001,2001-01-01,20,20009,10.510734,10.323796,10.292079625,10.304735424
859,2001,2001-01-01,20,20011,12.957186,12.865702,12.7399968,12.761860023
860,2001,2001-01-01,20,20013,15.837647,15.700657,15.647911667,15.661684926
861,2001,2001-01-01,20,20015,13.133845,12.322838,12.157982077,12.166877613
862,2001,2001-01-01,20,20017,10.676775,10.676775,10.676775,10.676775
863,2001,2001-01-01,20,20019,9.958537,9.958537,9.958537,9.958537
864,2001,2001-01-01,20,20021,16.100628,15.4292965,15.433033833,15.521006348
865,2001,2001-01-01,20,20023,13.24522,13.24522,13.24522,13.24522
866,2001,2001-01-01,20,20025,8.946725,8.946725,8.946725,8.946725
867,2001,2001-01-01,20,20027,12.210202,12.1980765,12.1980765,12.199137748
868,2001,2001-01-01,20,20029,10.680839,10.397321,10.39951075,10.415753177
869,2001,2001-01-01,20,20031,13.084291,12.38378,12.611500333,12.597981928
870,2001,2001-01-01,20,20033,8.728072,8.728072,8.728072,8.728072
871,2001,2001-01-01,20,20035,11.361977,11.062284,11.034195091,11.030795388
872,2001,2001-01-01,20,20037,14.103252,13.977388,13.795262818,13.780531688
873,2001,2001-01-01,20,20039,13.009409,12.949577,12.949577,12.934361365
874,2001,2001-01-01,20,20041,12.547971,12.411929,12.251462333,12.310786547
875,2001,2001-01-01,20,20043,18.496923,17.557,17.526667,17.665549585
876,2001,2001-01-01,20,20045,17.509413,17.1267885,17.120593545,17.121758958
877,2001,2001-01-01,20,20047,8.801219,8.734788,8.734788,8.7350723606
878,2001,2001-01-01,20,20049,9.926555,9.926555,9.926555,9.926555
879,2001,2001-01-01,20,20051,9.573173,9.3447,9.3506036667,9.3454109015
880,2001,2001-01-01,20,20053,10.509387,10.507371,10.507371,10.508088097
881,2001,2001-01-01,20,20055,14.837895,14.4498575,14.452162,14.430831009
882,2001,2001-01-01,20,20057,9.634653,9.526005,9.4800691429,9.512775444
883,2001,2001-01-01,20,20059,15.736851,15.528166,15.4774362,15.449872385
884,2001,2001-01-01,20,20061,13.420074,13.295187,13.306270875,13.318884236
885,2001,2001-01-01,20,20063,12.730559,12.7121285,12.7121285,12.707293486
886,2001,2001-01-01,20,20065,8.754056,8.741383,8.741383,8.7443353161
887,2001,2001-01-01,20,20067,15.871966,15.720572,15.720572,15.814069253
888,2001,2001-01-01,20,20069,14.820151,14.4664645,14.4664645,14.463755612
889,2001,2001-01-01,20,20071,14.542326,14.542326,14.542326,14.542326
890,2001,2001-01-01,20,20073,9.808833,9.689937,9.6556083333,9.6366147605
891,2001,2001-01-01,20,20075,15.547212,15.547212,15.547212,15.547212
892,2001,2001-01-01,20,20077,11.955697,11.702854,11.78292,11.799123145
893,2001,2001-01-01,20,20079,10.67987,10.2339905,10.287113833,10.31499248
894,2001,2001-01-01,20,20081,14.931725,14.931725,14.931725,14.931725
895,2001,2001-01-01,20,20083,8.241978,8.241978,8.241978,8.241978
896,2001,2001-01-01,20,20085,15.509397,14.921446,15.043391333,15.089690252
897,2001,2001-01-01,20,20087,16.571096,16.343591,16.3263015,16.346065162
898,2001,2001-01-01,20,20089,9.769666,9.703545,9.703545,9.7225625772
899,2001,2001-01-01,20,20091,20.588121,19.845255,19.703687277,19.673047064
900,2001,2001-01-01,20,20093,15.044069,15.044069,15.044069,15.044069
901,2001,2001-01-01,20,20095,10.646088,10.392001,10.407942333,10.424884152
902,2001,2001-01-01,20,20097,9.211033,9.211033,9.211033,9.211033
903,2001,2001-01-01,20,20099,14.547037,13.3366325,13.613457875,13.4954772
904,2001,2001-01-01,20,20101,12.723317,12.723317,12.723317,12.723317
905,2001,2001-01-01,20,20103,17.828482,17.4537285,17.43716,17.450498277
906,2001,2001-01-01,20,20105,10.3193,10.3193,10.3193,10.3193
907,2001,2001-01-01,20,20107,13.485063,12.973269,12.973269,13.028921827
908,2001,2001-01-01,20,20109,12.902878,12.902878,12.902878,12.902878
909,2001,2001-01-01,20,20111,12.901002,12.4247165,12.442863875,12.431573683
910,2001,2001-01-01,20,20113,12.840947,12.260731,12.309111286,12.323899146
911,2001,2001-01-01,20,20115,10.540937,10.0765535,10.100186,10.045197315
912,2001,2001-01-01,20,20117,13.861567,13.463678,13.507068,13.483478777
913,2001,2001-01-01,20,20119,15.062437,14.991572,14.991572,14.977213125
914,2001,2001-01-01,20,20121,17.704223,16.2855895,16.391217125,16.312822087
915,2001,2001-01-01,20,20123,9.91199,9.8747495,9.8747495,9.8899367053
916,2001,2001-01-01,20,20125,13.657563,12.770349,12.827228462,12.778469514
917,2001,2001-01-01,20,20127,12.088088,11.9986105,11.9986105,11.985150353
918,2001,2001-01-01,20,20129,15.427258,15.427258,15.427258,15.427258
919,2001,2001-01-01,20,20131,15.045679,14.702999,14.735878667,14.720179202
920,2001,2001-01-01,20,20133,13.843554,13.770814,13.4740546,13.456933935
921,2001,2001-01-01,20,20135,7.855447,7.773595,7.773595,7.7758869614
922,2001,2001-01-01,20,20137,9.721833,9.721833,9.721833,9.721833
923,2001,2001-01-01,20,20139,16.632611,15.120899,15.2505058,15.408652639
924,2001,2001-01-01,20,20141,9.092427,9.092427,9.092427,9.092427
925,2001,2001-01-01,20,20143,11.178789,10.884101,10.884101,10.799095777
926,2001,2001-01-01,20,20145,9.415479,9.304615,9.304615,9.3638071228
927,2001,2001-01-01,20,20147,9.907392,9.843206,9.8459713333,9.8485039156
928,2001,2001-01-01,20,20149,14.440421,13.9055145,13.97702075,13.944101333
929,2001,2001-01-01,20,20151,9.872585,9.856372,9.8388206667,9.8471679877
930,2001,2001-01-01,20,20153,12.829385,12.829385,12.829385,12.829385
931,2001,2001-01-01,20,20155,13.140239,12.875719,12.564333529,12.696422246
932,2001,2001-01-01,20,20157,10.783335,10.538708,10.562282333,10.535941132
933,2001,2001-01-01,20,20159,10.961929,10.618419,10.688340667,10.710614007
934,2001,2001-01-01,20,20161,13.772108,13.554875,13.5163305,13.53099485
935,2001,2001-01-01,20,20163,9.530187,9.3161605,9.3161605,9.271587137
936,2001,2001-01-01,20,20165,9.805434,9.600747,9.600747,9.6528007548
937,2001,2001-01-01,20,20167,9.972429,9.971304,9.971304,9.9716865323
938,2001,2001-01-01,20,20169,12.325128,12.251851,12.222566333,12.221562913
939,2001,2001-01-01,20,20171,13.603902,13.603902,13.603902,13.603902
940,2001,2001-01-01,20,20173,14.64432,13.9041355,13.784890589,13.737506689
941,2001,2001-01-01,20,20175,16.179085,15.6181,15.7383398,15.715004711
942,2001,2001-01-01,20,20177,17.932511,17.610133,17.486921302,17.422462673
943,2001,2001-01-01,20,20179,12.812261,12.6656245,12.6656245,12.672164626
944,2001,2001-01-01,20,20181,13.567362,13.475153,13.475153,13.417280729
945,2001,2001-01-01,20,20183,9.566074,9.496445,9.496445,9.4919452281
946,2001,2001-01-01,20,20185,9.220135,9.1676805,9.1676805,9.1627979874
947,2001,2001-01-01,20,20187,15.931894,15.931894,15.931894,15.931894
948,2001,2001-01-01,20,20189,15.741146,15.6503795,15.6503795,15.689959022
949,2001,2001-01-01,20,20191,12.538072,12.1739945,12.182568,12.253996602
950,2001,2001-01-01,20,20193,12.567282,12.5195555,12.5195555,12.543334171
951,2001,2001-01-01,20,20195,8.047964,8.047964,8.047964,8.047964
952,2001,2001-01-01,20,20197,13.86951,13.8623305,13.8623305,13.860330256
953,2001,2001-01-01,20,20199,14.219443,14.219443,14.219443,14.219443
954,2001,2001-01-01,20,20201,11.68357,11.5370585,11.5370585,11.520206772
955,2001,2001-01-01,20,20203,13.958583,13.958583,13.958583,13.958583
956,2001,2001-01-01,20,20205,13.097231,12.4738115,12.468509,12.521575094
957,2001,2001-01-01,20,20207,12.095882,12.003536,12.003536,11.999880114
958,2001,2001-01-01,20,20209,20.322755,18.9625385,18.964972657,18.933302147
959,2001,2001-01-01,21,21001,17.690422,17.274538,17.326148,17.324423876
960,2001,2001-01-01,21,21003,18.85973,18.335773,18.372595167,18.397087925
961,2001,2001-01-01,21,21005,18.407902,18.341054,18.3267154,18.338875026
962,2001,2001-01-01,21,21007,13.839287,13.436106,13.541100667,13.542127755
963,2001,2001-01-01,21,21009,19.218447,19.107558,18.9889458,19.009443993
964,2001,2001-01-01,21,21011,15.681622,15.646121,15.544740333,15.545883777
965,2001,2001-01-01,21,21013,14.437073,13.961968,14.010515889,14.069306922
966,2001,2001-01-01,21,21015,20.614217,20.21871,20.054998545,20.022011058
967,2001,2001-01-01,21,21017,17.187158,16.7037985,16.661296167,16.700741318
968,2001,2001-01-01,21,21019,17.627515,17.106939,17.075775769,16.999936703
969,2001,2001-01-01,21,21021,18.447958,18.383565,18.288657143,18.291541404
970,2001,2001-01-01,21,21023,17.65793,16.854793,17.075121,16.953578422
971,2001,2001-01-01,21,21025,13.950644,13.741559,13.682676571,13.709406985
972,2001,2001-01-01,21,21027,22.990353,21.6010555,21.625697833,21.691299035
973,2001,2001-01-01,21,21029,24.946093,23.987034,23.944299111,24.081514138
974,2001,2001-01-01,21,21031,20.812801,20.343499,20.2663858,20.42116044
975,2001,2001-01-01,21,21033,13.454912,13.150363,13.171822667,13.094116461
976,2001,2001-01-01,21,21035,13.249036,12.941417,12.873664111,12.903975844
977,2001,2001-01-01,21,21037,20.657331,20.256218,20.23716828,20.278354726
978,2001,2001-01-01,21,21039,13.86205,13.779726,13.794721667,13.797932668
979,2001,2001-01-01,21,21041,17.83595,17.736022,17.707726333,17.722220259
980,2001,2001-01-01,21,21043,14.807218,14.110418,14.159883714,14.232747955
981,2001,2001-01-01,21,21045,17.586454,17.122842,17.1597348,17.107271594
982,2001,2001-01-01,21,21047,14.979448,13.858034,13.909455632,13.928956185
983,2001,2001-01-01,21,21049,18.46204,17.666413,17.6859673,17.694172035
984,2001,2001-01-01,21,21051,15.074251,14.4734195,14.496758667,14.631104843
985,2001,2001-01-01,21,21053,16.095042,15.783143,15.784256,15.753664999
986,2001,2001-01-01,21,21055,13.920155,13.5518445,13.41554,13.478175997
987,2001,2001-01-01,21,21057,16.670625,16.3100285,16.3100285,16.388185793
988,2001,2001-01-01,21,21059,22.402306,21.908763,21.887659739,21.848803695
989,2001,2001-01-01,21,21061,20.067797,19.611085,19.638042,19.60074522
990,2001,2001-01-01,21,21063,13.755734,13.724612,13.724612,13.738579642
991,2001,2001-01-01,21,21065,17.19361,16.594706,16.557845,16.83453595
992,2001,2001-01-01,21,21067,19.875939,19.349846,19.299613512,19.33354105
993,2001,2001-01-01,21,21069,15.857509,15.615737,15.55893225,15.506045269
994,2001,2001-01-01,21,21071,14.807942,14.3779095,14.3609822,14.346382243
995,2001,2001-01-01,21,21073,18.308912,17.754009,17.805443,17.810142644
996,2001,2001-01-01,21,21075,13.167313,13.142216,13.142216,13.139302199
997,2001,2001-01-01,21,21077,19.190018,18.6410265,18.6410265,18.400503154
998,2001,2001-01-01,21,21079,18.85216,18.6714465,18.62951875,18.679380266
999,2001,2001-01-01,21,21081,19.145437,18.4695315,18.419733,18.616464909
